Report Date,Year,Month,ISO3,Country or Area Name,Country Type,Daily Arrivals Land,Daily Arrivals Sea,Daily Arrivals Total,Cumulative Land,Cumulative Sea,Cumulative Total
31/1/2024,2024,1,ALB,Albania,Other,56,0,56,56,0,56
29/2/2024,2024,2,ALB,Albania,Other,59,0,59,115,0,115
31/3/2024,2024,3,ALB,Albania,Other,142,0,142,257,0,257
30/4/2024,2024,4,ALB,Albania,Other,169,0,169,426,0,426
31/5/2024,2024,5,ALB,Albania,Other,158,0,158,584,0,584
30/6/2024,2024,6,ALB,Albania,Other,119,0,119,703,0,703
31/1/2024,2024,1,BGR,Bulgaria,First Arrival,396,0,396,396,0,396
29/2/2024,2024,2,BGR,Bulgaria,First Arrival,329,0,329,725,0,725
31/3/2024,2024,3,BGR,Bulgaria,First Arrival,317,0,317,"1,042",0,"1,042"
30/4/2024,2024,4,BGR,Bulgaria,First Arrival,529,0,529,"1,571",0,"1,571"
31/5/2024,2024,5,BGR,Bulgaria,First Arrival,686,0,686,"2,257",0,"2,257"
30/6/2024,2024,6,BGR,Bulgaria,First Arrival,943,0,943,"3,200",0,"3,200"
7/1/2024,2024,1,BIH,Bosnia and Herzegovina,Other,271,0,271,271,0,271
14/1/2024,2024,1,BIH,Bosnia and Herzegovina,Other,649,0,649,920,0,920
21/1/2024,2024,1,BIH,Bosnia and Herzegovina,Other,833,0,833,"1,753",0,"1,753"
28/1/2024,2024,1,BIH,Bosnia and Herzegovina,Other,754,0,754,"2,507",0,"2,507"
4/2/2024,2024,2,BIH,Bosnia and Herzegovina,Other,446,0,446,"2,953",0,"2,953"
11/2/2024,2024,2,BIH,Bosnia and Herzegovina,Other,307,0,307,"3,260",0,"3,260"
18/2/2024,2024,2,BIH,Bosnia and Herzegovina,Other,290,0,290,"3,550",0,"3,550"
25/2/2024,2024,2,BIH,Bosnia and Herzegovina,Other,570,0,570,"4,120",0,"4,120"
3/3/2024,2024,3,BIH,Bosnia and Herzegovina,Other,431,0,431,"4,551",0,"4,551"
10/3/2024,2024,3,BIH,Bosnia and Herzegovina,Other,465,0,465,"5,016",0,"5,016"
17/3/2024,2024,3,BIH,Bosnia and Herzegovina,Other,542,0,542,"5,558",0,"5,558"
24/3/2024,2024,3,BIH,Bosnia and Herzegovina,Other,534,0,534,"6,092",0,"6,092"
31/3/2024,2024,3,BIH,Bosnia and Herzegovina,Other,452,0,452,"6,544",0,"6,544"
7/4/2024,2024,4,BIH,Bosnia and Herzegovina,Other,396,0,396,"6,940",0,"6,940"
14/4/2024,2024,4,BIH,Bosnia and Herzegovina,Other,459,0,459,"7,399",0,"7,399"
21/4/2024,2024,4,BIH,Bosnia and Herzegovina,Other,480,0,480,"7,879",0,"7,879"
28/4/2024,2024,4,BIH,Bosnia and Herzegovina,Other,495,0,495,"8,374",0,"8,374"
5/5/2024,2024,5,BIH,Bosnia and Herzegovina,Other,202,0,202,"8,576",0,"8,576"
12/5/2024,2024,5,BIH,Bosnia and Herzegovina,Other,528,0,528,"9,104",0,"9,104"
19/5/2024,2024,5,BIH,Bosnia and Herzegovina,Other,528,0,528,"9,632",0,"9,632"
26/5/2024,2024,5,BIH,Bosnia and Herzegovina,Other,508,0,508,"10,140",0,"10,140"
2/6/2024,2024,6,BIH,Bosnia and Herzegovina,Other,389,0,389,"10,529",0,"10,529"
9/6/2024,2024,6,BIH,Bosnia and Herzegovina,Other,348,0,348,"10,877",0,"10,877"
16/6/2024,2024,6,BIH,Bosnia and Herzegovina,Other,538,0,538,"11,415",0,"11,415"
23/6/2024,2024,6,BIH,Bosnia and Herzegovina,Other,429,0,429,"11,844",0,"11,844"
30/6/2024,2024,6,BIH,Bosnia and Herzegovina,Other,490,0,490,"12,334",0,"12,334"
31/1/2024,2024,1,CYP,Cyprus,First Arrival,0,975,975,0,975,975
29/2/2024,2024,2,CYP,Cyprus,First Arrival,0,800,800,0,"1,775","1,775"
31/3/2024,2024,3,CYP,Cyprus,First Arrival,0,"1,140","1,140",0,"2,915","2,915"
30/4/2024,2024,4,CYP,Cyprus,First Arrival,0,"1,525","1,525",0,"4,440","4,440"
31/5/2024,2024,5,CYP,Cyprus,First Arrival,0,280,280,0,"4,720","4,720"
30/6/2024,2024,6,CYP,Cyprus,First Arrival,0,170,170,0,"4,890","4,890"
1/1/2024,2024,1,ESP,Spain,First Arrival,0,211,211,0,211,211
2/1/2024,2024,1,ESP,Spain,First Arrival,0,259,259,0,470,470
3/1/2024,2024,1,ESP,Spain,First Arrival,0,269,269,0,739,739
4/1/2024,2024,1,ESP,Spain,First Arrival,0,373,373,0,"1,112","1,112"
5/1/2024,2024,1,ESP,Spain,First Arrival,0,53,53,0,"1,165","1,165"
6/1/2024,2024,1,ESP,Spain,First Arrival,0,268,268,0,"1,433","1,433"
7/1/2024,2024,1,ESP,Spain,First Arrival,0,170,170,0,"1,603","1,603"
8/1/2024,2024,1,ESP,Spain,First Arrival,0,216,216,0,"1,819","1,819"
10/1/2024,2024,1,ESP,Spain,First Arrival,0,323,323,0,"2,142","2,142"
11/1/2024,2024,1,ESP,Spain,First Arrival,0,184,184,0,"2,326","2,326"
12/1/2024,2024,1,ESP,Spain,First Arrival,0,346,346,0,"2,672","2,672"
13/1/2024,2024,1,ESP,Spain,First Arrival,0,219,219,0,"2,891","2,891"
14/1/2024,2024,1,ESP,Spain,First Arrival,0,648,648,0,"3,539","3,539"
15/1/2024,2024,1,ESP,Spain,First Arrival,20,119,139,20,"3,658","3,678"
16/1/2024,2024,1,ESP,Spain,First Arrival,0,134,134,20,"3,792","3,812"
17/1/2024,2024,1,ESP,Spain,First Arrival,0,58,58,20,"3,850","3,870"
18/1/2024,2024,1,ESP,Spain,First Arrival,0,178,178,20,"4,028","4,048"
19/1/2024,2024,1,ESP,Spain,First Arrival,0,118,118,20,"4,146","4,166"
20/1/2024,2024,1,ESP,Spain,First Arrival,0,118,118,20,"4,264","4,284"
21/1/2024,2024,1,ESP,Spain,First Arrival,0,144,144,20,"4,408","4,428"
22/1/2024,2024,1,ESP,Spain,First Arrival,0,84,84,20,"4,492","4,512"
23/1/2024,2024,1,ESP,Spain,First Arrival,0,110,110,20,"4,602","4,622"
24/1/2024,2024,1,ESP,Spain,First Arrival,0,74,74,20,"4,676","4,696"
25/1/2024,2024,1,ESP,Spain,First Arrival,0,151,151,20,"4,827","4,847"
26/1/2024,2024,1,ESP,Spain,First Arrival,0,533,533,20,"5,360","5,380"
27/1/2024,2024,1,ESP,Spain,First Arrival,0,769,769,20,"6,129","6,149"
28/1/2024,2024,1,ESP,Spain,First Arrival,0,672,672,20,"6,801","6,821"
29/1/2024,2024,1,ESP,Spain,First Arrival,0,376,376,20,"7,177","7,197"
30/1/2024,2024,1,ESP,Spain,First Arrival,0,617,617,20,"7,794","7,814"
31/1/2024,2024,1,ESP,Spain,First Arrival,73,180,253,93,"7,974","8,067"
1/2/2024,2024,2,ESP,Spain,First Arrival,0,678,678,93,"8,652","8,745"
2/2/2024,2024,2,ESP,Spain,First Arrival,0,509,509,93,"9,161","9,254"
3/2/2024,2024,2,ESP,Spain,First Arrival,0,256,256,93,"9,417","9,510"
4/2/2024,2024,2,ESP,Spain,First Arrival,0,472,472,93,"9,889","9,982"
5/2/2024,2024,2,ESP,Spain,First Arrival,0,638,638,93,"10,527","10,620"
6/2/2024,2024,2,ESP,Spain,First Arrival,0,363,363,93,"10,890","10,983"
7/2/2024,2024,2,ESP,Spain,First Arrival,0,235,235,93,"11,125","11,218"
8/2/2024,2024,2,ESP,Spain,First Arrival,0,541,541,93,"11,666","11,759"
9/2/2024,2024,2,ESP,Spain,First Arrival,0,195,195,93,"11,861","11,954"
10/2/2024,2024,2,ESP,Spain,First Arrival,0,277,277,93,"12,138","12,231"
11/2/2024,2024,2,ESP,Spain,First Arrival,0,184,184,93,"12,322","12,415"
12/2/2024,2024,2,ESP,Spain,First Arrival,0,247,247,93,"12,569","12,662"
14/2/2024,2024,2,ESP,Spain,First Arrival,0,111,111,93,"12,680","12,773"
15/2/2024,2024,2,ESP,Spain,First Arrival,252,277,529,345,"12,957","13,302"
17/2/2024,2024,2,ESP,Spain,First Arrival,0,10,10,345,"12,967","13,312"
19/2/2024,2024,2,ESP,Spain,First Arrival,0,9,9,345,"12,976","13,321"
20/2/2024,2024,2,ESP,Spain,First Arrival,0,28,28,345,"13,004","13,349"
21/2/2024,2024,2,ESP,Spain,First Arrival,0,16,16,345,"13,020","13,365"
22/2/2024,2024,2,ESP,Spain,First Arrival,0,141,141,345,"13,161","13,506"
23/2/2024,2024,2,ESP,Spain,First Arrival,0,41,41,345,"13,202","13,547"
25/2/2024,2024,2,ESP,Spain,First Arrival,0,42,42,345,"13,244","13,589"
29/2/2024,2024,2,ESP,Spain,First Arrival,205,241,446,550,"13,485","14,035"
6/3/2024,2024,3,ESP,Spain,First Arrival,0,68,68,550,"13,553","14,103"
9/3/2024,2024,3,ESP,Spain,First Arrival,0,60,60,550,"13,613","14,163"
11/3/2024,2024,3,ESP,Spain,First Arrival,0,38,38,550,"13,651","14,201"
14/3/2024,2024,3,ESP,Spain,First Arrival,0,45,45,550,"13,696","14,246"
15/3/2024,2024,3,ESP,Spain,First Arrival,193,633,826,743,"14,329","15,072"
16/3/2024,2024,3,ESP,Spain,First Arrival,0,22,22,743,"14,351","15,094"
17/3/2024,2024,3,ESP,Spain,First Arrival,0,278,278,743,"14,629","15,372"
18/3/2024,2024,3,ESP,Spain,First Arrival,0,42,42,743,"14,671","15,414"
19/3/2024,2024,3,ESP,Spain,First Arrival,0,89,89,743,"14,760","15,503"
20/3/2024,2024,3,ESP,Spain,First Arrival,0,90,90,743,"14,850","15,593"
21/3/2024,2024,3,ESP,Spain,First Arrival,0,53,53,743,"14,903","15,646"
22/3/2024,2024,3,ESP,Spain,First Arrival,0,12,12,743,"14,915","15,658"
26/3/2024,2024,3,ESP,Spain,First Arrival,0,39,39,743,"14,954","15,697"
27/3/2024,2024,3,ESP,Spain,First Arrival,0,53,53,743,"15,007","15,750"
28/3/2024,2024,3,ESP,Spain,First Arrival,0,124,124,743,"15,131","15,874"
29/3/2024,2024,3,ESP,Spain,First Arrival,0,50,50,743,"15,181","15,924"
30/3/2024,2024,3,ESP,Spain,First Arrival,0,171,171,743,"15,352","16,095"
31/3/2024,2024,3,ESP,Spain,First Arrival,62,-1,61,805,"15,351","16,156"
1/4/2024,2024,4,ESP,Spain,First Arrival,0,57,57,805,"15,408","16,213"
2/4/2024,2024,4,ESP,Spain,First Arrival,0,159,159,805,"15,567","16,372"
3/4/2024,2024,4,ESP,Spain,First Arrival,0,2,2,805,"15,569","16,374"
4/4/2024,2024,4,ESP,Spain,First Arrival,0,65,65,805,"15,634","16,439"
5/4/2024,2024,4,ESP,Spain,First Arrival,0,81,81,805,"15,715","16,520"
6/4/2024,2024,4,ESP,Spain,First Arrival,0,140,140,805,"15,855","16,660"
11/4/2024,2024,4,ESP,Spain,First Arrival,0,71,71,805,"15,926","16,731"
12/4/2024,2024,4,ESP,Spain,First Arrival,0,18,18,805,"15,944","16,749"
13/4/2024,2024,4,ESP,Spain,First Arrival,0,124,124,805,"16,068","16,873"
14/4/2024,2024,4,ESP,Spain,First Arrival,0,220,220,805,"16,288","17,093"
15/4/2024,2024,4,ESP,Spain,First Arrival,103,416,519,908,"16,704","17,612"
16/4/2024,2024,4,ESP,Spain,First Arrival,0,529,529,908,"17,233","18,141"
17/4/2024,2024,4,ESP,Spain,First Arrival,0,133,133,908,"17,366","18,274"
18/4/2024,2024,4,ESP,Spain,First Arrival,0,232,232,908,"17,598","18,506"
19/4/2024,2024,4,ESP,Spain,First Arrival,0,132,132,908,"17,730","18,638"
20/4/2024,2024,4,ESP,Spain,First Arrival,0,275,275,908,"18,005","18,913"
21/4/2024,2024,4,ESP,Spain,First Arrival,0,86,86,908,"18,091","18,999"
22/4/2024,2024,4,ESP,Spain,First Arrival,0,57,57,908,"18,148","19,056"
24/4/2024,2024,4,ESP,Spain,First Arrival,0,21,21,908,"18,169","19,077"
26/4/2024,2024,4,ESP,Spain,First Arrival,0,34,34,908,"18,203","19,111"
27/4/2024,2024,4,ESP,Spain,First Arrival,0,116,116,908,"18,319","19,227"
28/4/2024,2024,4,ESP,Spain,First Arrival,0,271,271,908,"18,590","19,498"
29/4/2024,2024,4,ESP,Spain,First Arrival,0,120,120,908,"18,710","19,618"
2/5/2024,2024,5,ESP,Spain,First Arrival,49,205,254,957,"18,915","19,872"
4/5/2024,2024,5,ESP,Spain,First Arrival,0,138,138,957,"19,053","20,010"
5/5/2024,2024,5,ESP,Spain,First Arrival,0,3,3,957,"19,056","20,013"
6/5/2024,2024,5,ESP,Spain,First Arrival,0,57,57,957,"19,113","20,070"
7/5/2024,2024,5,ESP,Spain,First Arrival,0,4,4,957,"19,117","20,074"
8/5/2024,2024,5,ESP,Spain,First Arrival,0,52,52,957,"19,169","20,126"
9/5/2024,2024,5,ESP,Spain,First Arrival,0,265,265,957,"19,434","20,391"
11/5/2024,2024,5,ESP,Spain,First Arrival,0,129,129,957,"19,563","20,520"
12/5/2024,2024,5,ESP,Spain,First Arrival,0,19,19,957,"19,582","20,539"
13/5/2024,2024,5,ESP,Spain,First Arrival,0,183,183,957,"19,765","20,722"
15/5/2024,2024,5,ESP,Spain,First Arrival,51,125,176,"1,008","19,890","20,898"
17/5/2024,2024,5,ESP,Spain,First Arrival,0,126,126,"1,008","20,016","21,024"
19/5/2024,2024,5,ESP,Spain,First Arrival,0,94,94,"1,008","20,110","21,118"
20/5/2024,2024,5,ESP,Spain,First Arrival,0,21,21,"1,008","20,131","21,139"
21/5/2024,2024,5,ESP,Spain,First Arrival,0,105,105,"1,008","20,236","21,244"
22/5/2024,2024,5,ESP,Spain,First Arrival,0,5,5,"1,008","20,241","21,249"
23/5/2024,2024,5,ESP,Spain,First Arrival,0,219,219,"1,008","20,460","21,468"
24/5/2024,2024,5,ESP,Spain,First Arrival,0,63,63,"1,008","20,523","21,531"
25/5/2024,2024,5,ESP,Spain,First Arrival,0,4,4,"1,008","20,527","21,535"
26/5/2024,2024,5,ESP,Spain,First Arrival,0,58,58,"1,008","20,585","21,593"
27/5/2024,2024,5,ESP,Spain,First Arrival,0,60,60,"1,008","20,645","21,653"
30/5/2024,2024,5,ESP,Spain,First Arrival,0,83,83,"1,008","20,728","21,736"
31/5/2024,2024,5,ESP,Spain,First Arrival,64,183,247,"1,072","20,911","21,983"
1/6/2024,2024,6,ESP,Spain,First Arrival,0,49,49,"1,072","20,960","22,032"
2/6/2024,2024,6,ESP,Spain,First Arrival,0,61,61,"1,072","21,021","22,093"
3/6/2024,2024,6,ESP,Spain,First Arrival,0,33,33,"1,072","21,054","22,126"
4/6/2024,2024,6,ESP,Spain,First Arrival,0,66,66,"1,072","21,120","22,192"
5/6/2024,2024,6,ESP,Spain,First Arrival,0,476,476,"1,072","21,596","22,668"
6/6/2024,2024,6,ESP,Spain,First Arrival,0,108,108,"1,072","21,704","22,776"
7/6/2024,2024,6,ESP,Spain,First Arrival,0,64,64,"1,072","21,768","22,840"
8/6/2024,2024,6,ESP,Spain,First Arrival,0,535,535,"1,072","22,303","23,375"
9/6/2024,2024,6,ESP,Spain,First Arrival,0,222,222,"1,072","22,525","23,597"
10/6/2024,2024,6,ESP,Spain,First Arrival,0,145,145,"1,072","22,670","23,742"
13/6/2024,2024,6,ESP,Spain,First Arrival,0,108,108,"1,072","22,778","23,850"
14/6/2024,2024,6,ESP,Spain,First Arrival,0,45,45,"1,072","22,823","23,895"
15/6/2024,2024,6,ESP,Spain,First Arrival,51,214,265,"1,123","23,037","24,160"
18/6/2024,2024,6,ESP,Spain,First Arrival,0,63,63,"1,123","23,100","24,223"
19/6/2024,2024,6,ESP,Spain,First Arrival,0,109,109,"1,123","23,209","24,332"
21/6/2024,2024,6,ESP,Spain,First Arrival,0,68,68,"1,123","23,277","24,400"
22/6/2024,2024,6,ESP,Spain,First Arrival,0,62,62,"1,123","23,339","24,462"
23/6/2024,2024,6,ESP,Spain,First Arrival,0,177,177,"1,123","23,516","24,639"
24/6/2024,2024,6,ESP,Spain,First Arrival,0,47,47,"1,123","23,563","24,686"
26/6/2024,2024,6,ESP,Spain,First Arrival,0,8,8,"1,123","23,571","24,694"
27/6/2024,2024,6,ESP,Spain,First Arrival,0,102,102,"1,123","23,673","24,796"
30/6/2024,2024,6,ESP,Spain,First Arrival,49,53,102,"1,172","23,726","24,898"
1/1/2024,2024,1,GRC,Greece,First Arrival,0,134,134,0,134,134
2/1/2024,2024,1,GRC,Greece,First Arrival,0,109,109,0,243,243
3/1/2024,2024,1,GRC,Greece,First Arrival,0,28,28,0,271,271
4/1/2024,2024,1,GRC,Greece,First Arrival,0,1,1,0,272,272
5/1/2024,2024,1,GRC,Greece,First Arrival,0,56,56,0,328,328
6/1/2024,2024,1,GRC,Greece,First Arrival,0,113,113,0,441,441
7/1/2024,2024,1,GRC,Greece,First Arrival,0,31,31,0,472,472
8/1/2024,2024,1,GRC,Greece,First Arrival,0,55,55,0,527,527
9/1/2024,2024,1,GRC,Greece,First Arrival,0,47,47,0,574,574
10/1/2024,2024,1,GRC,Greece,First Arrival,0,132,132,0,706,706
11/1/2024,2024,1,GRC,Greece,First Arrival,0,65,65,0,771,771
12/1/2024,2024,1,GRC,Greece,First Arrival,0,132,132,0,903,903
13/1/2024,2024,1,GRC,Greece,First Arrival,0,84,84,0,987,987
14/1/2024,2024,1,GRC,Greece,First Arrival,0,66,66,0,"1,053","1,053"
15/1/2024,2024,1,GRC,Greece,First Arrival,0,361,361,0,"1,414","1,414"
16/1/2024,2024,1,GRC,Greece,First Arrival,0,7,7,0,"1,421","1,421"
17/1/2024,2024,1,GRC,Greece,First Arrival,0,46,46,0,"1,467","1,467"
18/1/2024,2024,1,GRC,Greece,First Arrival,0,123,123,0,"1,590","1,590"
19/1/2024,2024,1,GRC,Greece,First Arrival,0,51,51,0,"1,641","1,641"
20/1/2024,2024,1,GRC,Greece,First Arrival,0,108,108,0,"1,749","1,749"
21/1/2024,2024,1,GRC,Greece,First Arrival,0,51,51,0,"1,800","1,800"
22/1/2024,2024,1,GRC,Greece,First Arrival,0,2,2,0,"1,802","1,802"
23/1/2024,2024,1,GRC,Greece,First Arrival,0,184,184,0,"1,986","1,986"
24/1/2024,2024,1,GRC,Greece,First Arrival,0,57,57,0,"2,043","2,043"
25/1/2024,2024,1,GRC,Greece,First Arrival,0,19,19,0,"2,062","2,062"
26/1/2024,2024,1,GRC,Greece,First Arrival,0,270,270,0,"2,332","2,332"
27/1/2024,2024,1,GRC,Greece,First Arrival,0,40,40,0,"2,372","2,372"
28/1/2024,2024,1,GRC,Greece,First Arrival,0,150,150,0,"2,522","2,522"
29/1/2024,2024,1,GRC,Greece,First Arrival,0,297,297,0,"2,819","2,819"
30/1/2024,2024,1,GRC,Greece,First Arrival,0,82,82,0,"2,901","2,901"
31/1/2024,2024,1,GRC,Greece,First Arrival,321,406,727,321,"3,307","3,628"
1/2/2024,2024,2,GRC,Greece,First Arrival,0,49,49,321,"3,356","3,677"
2/2/2024,2024,2,GRC,Greece,First Arrival,0,61,61,321,"3,417","3,738"
3/2/2024,2024,2,GRC,Greece,First Arrival,0,164,164,321,"3,581","3,902"
4/2/2024,2024,2,GRC,Greece,First Arrival,0,126,126,321,"3,707","4,028"
6/2/2024,2024,2,GRC,Greece,First Arrival,0,130,130,321,"3,837","4,158"
7/2/2024,2024,2,GRC,Greece,First Arrival,0,167,167,321,"4,004","4,325"
8/2/2024,2024,2,GRC,Greece,First Arrival,0,25,25,321,"4,029","4,350"
9/2/2024,2024,2,GRC,Greece,First Arrival,0,79,79,321,"4,108","4,429"
10/2/2024,2024,2,GRC,Greece,First Arrival,0,81,81,321,"4,189","4,510"
11/2/2024,2024,2,GRC,Greece,First Arrival,0,114,114,321,"4,303","4,624"
13/2/2024,2024,2,GRC,Greece,First Arrival,0,123,123,321,"4,426","4,747"
14/2/2024,2024,2,GRC,Greece,First Arrival,0,138,138,321,"4,564","4,885"
15/2/2024,2024,2,GRC,Greece,First Arrival,0,340,340,321,"4,904","5,225"
16/2/2024,2024,2,GRC,Greece,First Arrival,0,69,69,321,"4,973","5,294"
17/2/2024,2024,2,GRC,Greece,First Arrival,0,270,270,321,"5,243","5,564"
18/2/2024,2024,2,GRC,Greece,First Arrival,0,134,134,321,"5,377","5,698"
19/2/2024,2024,2,GRC,Greece,First Arrival,0,33,33,321,"5,410","5,731"
20/2/2024,2024,2,GRC,Greece,First Arrival,0,219,219,321,"5,629","5,950"
21/2/2024,2024,2,GRC,Greece,First Arrival,0,304,304,321,"5,933","6,254"
22/2/2024,2024,2,GRC,Greece,First Arrival,0,91,91,321,"6,024","6,345"
23/2/2024,2024,2,GRC,Greece,First Arrival,0,57,57,321,"6,081","6,402"
24/2/2024,2024,2,GRC,Greece,First Arrival,0,192,192,321,"6,273","6,594"
25/2/2024,2024,2,GRC,Greece,First Arrival,0,81,81,321,"6,354","6,675"
26/2/2024,2024,2,GRC,Greece,First Arrival,0,35,35,321,"6,389","6,710"
27/2/2024,2024,2,GRC,Greece,First Arrival,0,13,13,321,"6,402","6,723"
28/2/2024,2024,2,GRC,Greece,First Arrival,0,172,172,321,"6,574","6,895"
29/2/2024,2024,2,GRC,Greece,First Arrival,366,683,"1,049",687,"7,257","7,944"
1/3/2024,2024,3,GRC,Greece,First Arrival,0,35,35,687,"7,292","7,979"
2/3/2024,2024,3,GRC,Greece,First Arrival,0,96,96,687,"7,388","8,075"
3/3/2024,2024,3,GRC,Greece,First Arrival,0,4,4,687,"7,392","8,079"
4/3/2024,2024,3,GRC,Greece,First Arrival,0,91,91,687,"7,483","8,170"
5/3/2024,2024,3,GRC,Greece,First Arrival,0,106,106,687,"7,589","8,276"
6/3/2024,2024,3,GRC,Greece,First Arrival,0,25,25,687,"7,614","8,301"
7/3/2024,2024,3,GRC,Greece,First Arrival,0,21,21,687,"7,635","8,322"
8/3/2024,2024,3,GRC,Greece,First Arrival,0,54,54,687,"7,689","8,376"
9/3/2024,2024,3,GRC,Greece,First Arrival,0,72,72,687,"7,761","8,448"
11/3/2024,2024,3,GRC,Greece,First Arrival,0,63,63,687,"7,824","8,511"
12/3/2024,2024,3,GRC,Greece,First Arrival,0,33,33,687,"7,857","8,544"
13/3/2024,2024,3,GRC,Greece,First Arrival,0,75,75,687,"7,932","8,619"
14/3/2024,2024,3,GRC,Greece,First Arrival,0,42,42,687,"7,974","8,661"
15/3/2024,2024,3,GRC,Greece,First Arrival,0,106,106,687,"8,080","8,767"
16/3/2024,2024,3,GRC,Greece,First Arrival,0,49,49,687,"8,129","8,816"
17/3/2024,2024,3,GRC,Greece,First Arrival,0,65,65,687,"8,194","8,881"
18/3/2024,2024,3,GRC,Greece,First Arrival,0,89,89,687,"8,283","8,970"
19/3/2024,2024,3,GRC,Greece,First Arrival,0,120,120,687,"8,403","9,090"
20/3/2024,2024,3,GRC,Greece,First Arrival,0,44,44,687,"8,447","9,134"
21/3/2024,2024,3,GRC,Greece,First Arrival,0,157,157,687,"8,604","9,291"
22/3/2024,2024,3,GRC,Greece,First Arrival,0,26,26,687,"8,630","9,317"
23/3/2024,2024,3,GRC,Greece,First Arrival,0,18,18,687,"8,648","9,335"
24/3/2024,2024,3,GRC,Greece,First Arrival,0,104,104,687,"8,752","9,439"
25/3/2024,2024,3,GRC,Greece,First Arrival,0,64,64,687,"8,816","9,503"
26/3/2024,2024,3,GRC,Greece,First Arrival,0,46,46,687,"8,862","9,549"
27/3/2024,2024,3,GRC,Greece,First Arrival,0,45,45,687,"8,907","9,594"
29/3/2024,2024,3,GRC,Greece,First Arrival,0,25,25,687,"8,932","9,619"
30/3/2024,2024,3,GRC,Greece,First Arrival,0,58,58,687,"8,990","9,677"
31/3/2024,2024,3,GRC,Greece,First Arrival,406,493,899,"1,093","9,483","10,576"
1/4/2024,2024,4,GRC,Greece,First Arrival,0,191,191,"1,093","9,674","10,767"
2/4/2024,2024,4,GRC,Greece,First Arrival,0,123,123,"1,093","9,797","10,890"
3/4/2024,2024,4,GRC,Greece,First Arrival,0,29,29,"1,093","9,826","10,919"
4/4/2024,2024,4,GRC,Greece,First Arrival,0,78,78,"1,093","9,904","10,997"
5/4/2024,2024,4,GRC,Greece,First Arrival,0,45,45,"1,093","9,949","11,042"
7/4/2024,2024,4,GRC,Greece,First Arrival,0,94,94,"1,093","10,043","11,136"
8/4/2024,2024,4,GRC,Greece,First Arrival,0,60,60,"1,093","10,103","11,196"
9/4/2024,2024,4,GRC,Greece,First Arrival,0,78,78,"1,093","10,181","11,274"
10/4/2024,2024,4,GRC,Greece,First Arrival,0,103,103,"1,093","10,284","11,377"
12/4/2024,2024,4,GRC,Greece,First Arrival,0,50,50,"1,093","10,334","11,427"
13/4/2024,2024,4,GRC,Greece,First Arrival,0,128,128,"1,093","10,462","11,555"
14/4/2024,2024,4,GRC,Greece,First Arrival,0,31,31,"1,093","10,493","11,586"
15/4/2024,2024,4,GRC,Greece,First Arrival,0,117,117,"1,093","10,610","11,703"
16/4/2024,2024,4,GRC,Greece,First Arrival,0,26,26,"1,093","10,636","11,729"
17/4/2024,2024,4,GRC,Greece,First Arrival,0,53,53,"1,093","10,689","11,782"
20/4/2024,2024,4,GRC,Greece,First Arrival,0,29,29,"1,093","10,718","11,811"
21/4/2024,2024,4,GRC,Greece,First Arrival,0,11,11,"1,093","10,729","11,822"
22/4/2024,2024,4,GRC,Greece,First Arrival,0,81,81,"1,093","10,810","11,903"
23/4/2024,2024,4,GRC,Greece,First Arrival,0,10,10,"1,093","10,820","11,913"
25/4/2024,2024,4,GRC,Greece,First Arrival,0,146,146,"1,093","10,966","12,059"
26/4/2024,2024,4,GRC,Greece,First Arrival,0,26,26,"1,093","10,992","12,085"
27/4/2024,2024,4,GRC,Greece,First Arrival,0,80,80,"1,093","11,072","12,165"
28/4/2024,2024,4,GRC,Greece,First Arrival,0,153,153,"1,093","11,225","12,318"
29/4/2024,2024,4,GRC,Greece,First Arrival,0,113,113,"1,093","11,338","12,431"
30/4/2024,2024,4,GRC,Greece,First Arrival,596,165,761,"1,689","11,503","13,192"
1/5/2024,2024,5,GRC,Greece,First Arrival,0,72,72,"1,689","11,575","13,264"
6/5/2024,2024,5,GRC,Greece,First Arrival,0,46,46,"1,689","11,621","13,310"
7/5/2024,2024,5,GRC,Greece,First Arrival,0,224,224,"1,689","11,845","13,534"
8/5/2024,2024,5,GRC,Greece,First Arrival,0,177,177,"1,689","12,022","13,711"
9/5/2024,2024,5,GRC,Greece,First Arrival,0,254,254,"1,689","12,276","13,965"
10/5/2024,2024,5,GRC,Greece,First Arrival,0,249,249,"1,689","12,525","14,214"
11/5/2024,2024,5,GRC,Greece,First Arrival,0,69,69,"1,689","12,594","14,283"
13/5/2024,2024,5,GRC,Greece,First Arrival,0,53,53,"1,689","12,647","14,336"
14/5/2024,2024,5,GRC,Greece,First Arrival,0,6,6,"1,689","12,653","14,342"
15/5/2024,2024,5,GRC,Greece,First Arrival,0,83,83,"1,689","12,736","14,425"
16/5/2024,2024,5,GRC,Greece,First Arrival,0,171,171,"1,689","12,907","14,596"
17/5/2024,2024,5,GRC,Greece,First Arrival,0,215,215,"1,689","13,122","14,811"
18/5/2024,2024,5,GRC,Greece,First Arrival,0,49,49,"1,689","13,171","14,860"
19/5/2024,2024,5,GRC,Greece,First Arrival,0,113,113,"1,689","13,284","14,973"
20/5/2024,2024,5,GRC,Greece,First Arrival,0,82,82,"1,689","13,366","15,055"
21/5/2024,2024,5,GRC,Greece,First Arrival,0,7,7,"1,689","13,373","15,062"
22/5/2024,2024,5,GRC,Greece,First Arrival,0,49,49,"1,689","13,422","15,111"
23/5/2024,2024,5,GRC,Greece,First Arrival,0,93,93,"1,689","13,515","15,204"
24/5/2024,2024,5,GRC,Greece,First Arrival,0,105,105,"1,689","13,620","15,309"
25/5/2024,2024,5,GRC,Greece,First Arrival,0,1,1,"1,689","13,621","15,310"
26/5/2024,2024,5,GRC,Greece,First Arrival,0,163,163,"1,689","13,784","15,473"
27/5/2024,2024,5,GRC,Greece,First Arrival,0,46,46,"1,689","13,830","15,519"
28/5/2024,2024,5,GRC,Greece,First Arrival,0,189,189,"1,689","14,019","15,708"
29/5/2024,2024,5,GRC,Greece,First Arrival,0,121,121,"1,689","14,140","15,829"
30/5/2024,2024,5,GRC,Greece,First Arrival,0,133,133,"1,689","14,273","15,962"
31/5/2024,2024,5,GRC,Greece,First Arrival,543,978,"1,521","2,232","15,251","17,483"
1/6/2024,2024,6,GRC,Greece,First Arrival,0,83,83,"2,232","15,334","17,566"
2/6/2024,2024,6,GRC,Greece,First Arrival,0,63,63,"2,232","15,397","17,629"
3/6/2024,2024,6,GRC,Greece,First Arrival,0,138,138,"2,232","15,535","17,767"
4/6/2024,2024,6,GRC,Greece,First Arrival,0,134,134,"2,232","15,669","17,901"
5/6/2024,2024,6,GRC,Greece,First Arrival,0,67,67,"2,232","15,736","17,968"
6/6/2024,2024,6,GRC,Greece,First Arrival,0,70,70,"2,232","15,806","18,038"
7/6/2024,2024,6,GRC,Greece,First Arrival,0,61,61,"2,232","15,867","18,099"
8/6/2024,2024,6,GRC,Greece,First Arrival,0,101,101,"2,232","15,968","18,200"
9/6/2024,2024,6,GRC,Greece,First Arrival,0,29,29,"2,232","15,997","18,229"
10/6/2024,2024,6,GRC,Greece,First Arrival,0,61,61,"2,232","16,058","18,290"
11/6/2024,2024,6,GRC,Greece,First Arrival,0,165,165,"2,232","16,223","18,455"
12/6/2024,2024,6,GRC,Greece,First Arrival,0,130,130,"2,232","16,353","18,585"
13/6/2024,2024,6,GRC,Greece,First Arrival,0,210,210,"2,232","16,563","18,795"
14/6/2024,2024,6,GRC,Greece,First Arrival,0,77,77,"2,232","16,640","18,872"
15/6/2024,2024,6,GRC,Greece,First Arrival,0,65,65,"2,232","16,705","18,937"
16/6/2024,2024,6,GRC,Greece,First Arrival,0,48,48,"2,232","16,753","18,985"
17/6/2024,2024,6,GRC,Greece,First Arrival,0,52,52,"2,232","16,805","19,037"
18/6/2024,2024,6,GRC,Greece,First Arrival,0,24,24,"2,232","16,829","19,061"
19/6/2024,2024,6,GRC,Greece,First Arrival,0,27,27,"2,232","16,856","19,088"
20/6/2024,2024,6,GRC,Greece,First Arrival,0,89,89,"2,232","16,945","19,177"
21/6/2024,2024,6,GRC,Greece,First Arrival,0,93,93,"2,232","17,038","19,270"
22/6/2024,2024,6,GRC,Greece,First Arrival,0,67,67,"2,232","17,105","19,337"
23/6/2024,2024,6,GRC,Greece,First Arrival,0,62,62,"2,232","17,167","19,399"
24/6/2024,2024,6,GRC,Greece,First Arrival,0,84,84,"2,232","17,251","19,483"
25/6/2024,2024,6,GRC,Greece,First Arrival,0,39,39,"2,232","17,290","19,522"
26/6/2024,2024,6,GRC,Greece,First Arrival,0,54,54,"2,232","17,344","19,576"
27/6/2024,2024,6,GRC,Greece,First Arrival,0,12,12,"2,232","17,356","19,588"
30/6/2024,2024,6,GRC,Greece,First Arrival,556,613,"1,169","2,788","17,969","20,757"
31/1/2024,2024,1,HRV,Croatia,Other,"2,947",0,"2,947","2,947",0,"2,947"
29/2/2024,2024,2,HRV,Croatia,Other,"2,487",0,"2,487","5,434",0,"5,434"
31/3/2024,2024,3,HRV,Croatia,Other,"2,385",0,"2,385","7,819",0,"7,819"
30/4/2024,2024,4,HRV,Croatia,Other,"2,057",0,"2,057","9,876",0,"9,876"
31/5/2024,2024,5,HRV,Croatia,Other,"2,555",0,"2,555","12,431",0,"12,431"
30/6/2024,2024,6,HRV,Croatia,Other,"2,068",0,"2,068","14,499",0,"14,499"
1/1/2024,2024,1,ITA,Italy,First Arrival,0,147,147,0,147,147
2/1/2024,2024,1,ITA,Italy,First Arrival,0,9,9,0,156,156
3/1/2024,2024,1,ITA,Italy,First Arrival,0,336,336,0,492,492
5/1/2024,2024,1,ITA,Italy,First Arrival,0,60,60,0,552,552
10/1/2024,2024,1,ITA,Italy,First Arrival,0,55,55,0,607,607
11/1/2024,2024,1,ITA,Italy,First Arrival,0,142,142,0,749,749
15/1/2024,2024,1,ITA,Italy,First Arrival,0,37,37,0,786,786
17/1/2024,2024,1,ITA,Italy,First Arrival,0,95,95,0,881,881
18/1/2024,2024,1,ITA,Italy,First Arrival,0,35,35,0,916,916
19/1/2024,2024,1,ITA,Italy,First Arrival,0,170,170,0,"1,086","1,086"
20/1/2024,2024,1,ITA,Italy,First Arrival,0,86,86,0,"1,172","1,172"
21/1/2024,2024,1,ITA,Italy,First Arrival,0,126,126,0,"1,298","1,298"
25/1/2024,2024,1,ITA,Italy,First Arrival,0,7,7,0,"1,305","1,305"
28/1/2024,2024,1,ITA,Italy,First Arrival,0,115,115,0,"1,420","1,420"
29/1/2024,2024,1,ITA,Italy,First Arrival,0,443,443,0,"1,863","1,863"
30/1/2024,2024,1,ITA,Italy,First Arrival,0,211,211,0,"2,074","2,074"
31/1/2024,2024,1,ITA,Italy,First Arrival,0,184,184,0,"2,258","2,258"
1/2/2024,2024,2,ITA,Italy,First Arrival,0,372,372,0,"2,630","2,630"
2/2/2024,2024,2,ITA,Italy,First Arrival,0,83,83,0,"2,713","2,713"
3/2/2024,2024,2,ITA,Italy,First Arrival,0,46,46,0,"2,759","2,759"
4/2/2024,2024,2,ITA,Italy,First Arrival,0,83,83,0,"2,842","2,842"
5/2/2024,2024,2,ITA,Italy,First Arrival,0,218,218,0,"3,060","3,060"
6/2/2024,2024,2,ITA,Italy,First Arrival,0,109,109,0,"3,169","3,169"
8/2/2024,2024,2,ITA,Italy,First Arrival,0,209,209,0,"3,378","3,378"
9/2/2024,2024,2,ITA,Italy,First Arrival,0,415,415,0,"3,793","3,793"
10/2/2024,2024,2,ITA,Italy,First Arrival,0,189,189,0,"3,982","3,982"
13/2/2024,2024,2,ITA,Italy,First Arrival,0,40,40,0,"4,022","4,022"
15/2/2024,2024,2,ITA,Italy,First Arrival,0,23,23,0,"4,045","4,045"
16/2/2024,2024,2,ITA,Italy,First Arrival,0,52,52,0,"4,097","4,097"
17/2/2024,2024,2,ITA,Italy,First Arrival,0,52,52,0,"4,149","4,149"
19/2/2024,2024,2,ITA,Italy,First Arrival,0,55,55,0,"4,204","4,204"
20/2/2024,2024,2,ITA,Italy,First Arrival,0,43,43,0,"4,247","4,247"
21/2/2024,2024,2,ITA,Italy,First Arrival,0,121,121,0,"4,368","4,368"
22/2/2024,2024,2,ITA,Italy,First Arrival,0,32,32,0,"4,400","4,400"
24/2/2024,2024,2,ITA,Italy,First Arrival,0,41,41,0,"4,441","4,441"
26/2/2024,2024,2,ITA,Italy,First Arrival,0,17,17,0,"4,458","4,458"
28/2/2024,2024,2,ITA,Italy,First Arrival,0,45,45,0,"4,503","4,503"
29/2/2024,2024,2,ITA,Italy,First Arrival,0,56,56,0,"4,559","4,559"
3/3/2024,2024,3,ITA,Italy,First Arrival,0,79,79,0,"4,638","4,638"
5/3/2024,2024,3,ITA,Italy,First Arrival,0,147,147,0,"4,785","4,785"
7/3/2024,2024,3,ITA,Italy,First Arrival,0,110,110,0,"4,895","4,895"
8/3/2024,2024,3,ITA,Italy,First Arrival,0,314,314,0,"5,209","5,209"
9/3/2024,2024,3,ITA,Italy,First Arrival,0,270,270,0,"5,479","5,479"
10/3/2024,2024,3,ITA,Italy,First Arrival,0,144,144,0,"5,623","5,623"
11/3/2024,2024,3,ITA,Italy,First Arrival,0,142,142,0,"5,765","5,765"
12/3/2024,2024,3,ITA,Italy,First Arrival,0,94,94,0,"5,859","5,859"
13/3/2024,2024,3,ITA,Italy,First Arrival,0,53,53,0,"5,912","5,912"
14/3/2024,2024,3,ITA,Italy,First Arrival,0,509,509,0,"6,421","6,421"
15/3/2024,2024,3,ITA,Italy,First Arrival,0,723,723,0,"7,144","7,144"
16/3/2024,2024,3,ITA,Italy,First Arrival,0,598,598,0,"7,742","7,742"
18/3/2024,2024,3,ITA,Italy,First Arrival,0,888,888,0,"8,630","8,630"
20/3/2024,2024,3,ITA,Italy,First Arrival,0,249,249,0,"8,879","8,879"
21/3/2024,2024,3,ITA,Italy,First Arrival,0,513,513,0,"9,392","9,392"
22/3/2024,2024,3,ITA,Italy,First Arrival,0,432,432,0,"9,824","9,824"
23/3/2024,2024,3,ITA,Italy,First Arrival,0,987,987,0,"10,811","10,811"
24/3/2024,2024,3,ITA,Italy,First Arrival,0,379,379,0,"11,190","11,190"
25/3/2024,2024,3,ITA,Italy,First Arrival,0,139,139,0,"11,329","11,329"
28/3/2024,2024,3,ITA,Italy,First Arrival,0,44,44,0,"11,373","11,373"
31/3/2024,2024,3,ITA,Italy,First Arrival,0,43,43,0,"11,416","11,416"
3/4/2024,2024,4,ITA,Italy,First Arrival,0,553,553,0,"11,969","11,969"
4/4/2024,2024,4,ITA,Italy,First Arrival,0,675,675,0,"12,644","12,644"
5/4/2024,2024,4,ITA,Italy,First Arrival,0,"1,123","1,123",0,"13,767","13,767"
6/4/2024,2024,4,ITA,Italy,First Arrival,0,601,601,0,"14,368","14,368"
7/4/2024,2024,4,ITA,Italy,First Arrival,0,639,639,0,"15,007","15,007"
8/4/2024,2024,4,ITA,Italy,First Arrival,0,637,637,0,"15,644","15,644"
9/4/2024,2024,4,ITA,Italy,First Arrival,0,129,129,0,"15,773","15,773"
10/4/2024,2024,4,ITA,Italy,First Arrival,0,317,317,0,"16,090","16,090"
28/4/2024,2024,4,ITA,Italy,First Arrival,0,47,47,0,"16,137","16,137"
2/5/2024,2024,5,ITA,Italy,First Arrival,0,59,59,0,"16,196","16,196"
3/5/2024,2024,5,ITA,Italy,First Arrival,0,46,46,0,"16,242","16,242"
4/5/2024,2024,5,ITA,Italy,First Arrival,0,331,331,0,"16,573","16,573"
5/5/2024,2024,5,ITA,Italy,First Arrival,0,733,733,0,"17,306","17,306"
6/5/2024,2024,5,ITA,Italy,First Arrival,0,303,303,0,"17,609","17,609"
7/5/2024,2024,5,ITA,Italy,First Arrival,0,57,57,0,"17,666","17,666"
9/5/2024,2024,5,ITA,Italy,First Arrival,0,32,32,0,"17,698","17,698"
11/5/2024,2024,5,ITA,Italy,First Arrival,0,141,141,0,"17,839","17,839"
12/5/2024,2024,5,ITA,Italy,First Arrival,0,409,409,0,"18,248","18,248"
13/5/2024,2024,5,ITA,Italy,First Arrival,0,111,111,0,"18,359","18,359"
14/5/2024,2024,5,ITA,Italy,First Arrival,0,54,54,0,"18,413","18,413"
15/5/2024,2024,5,ITA,Italy,First Arrival,0,43,43,0,"18,456","18,456"
16/5/2024,2024,5,ITA,Italy,First Arrival,0,137,137,0,"18,593","18,593"
17/5/2024,2024,5,ITA,Italy,First Arrival,0,7,7,0,"18,600","18,600"
18/5/2024,2024,5,ITA,Italy,First Arrival,0,159,159,0,"18,759","18,759"
19/5/2024,2024,5,ITA,Italy,First Arrival,0,129,129,0,"18,888","18,888"
20/5/2024,2024,5,ITA,Italy,First Arrival,0,70,70,0,"18,958","18,958"
21/5/2024,2024,5,ITA,Italy,First Arrival,0,104,104,0,"19,062","19,062"
22/5/2024,2024,5,ITA,Italy,First Arrival,0,189,189,0,"19,251","19,251"
23/5/2024,2024,5,ITA,Italy,First Arrival,0,105,105,0,"19,356","19,356"
24/5/2024,2024,5,ITA,Italy,First Arrival,0,91,91,0,"19,447","19,447"
25/5/2024,2024,5,ITA,Italy,First Arrival,0,99,99,0,"19,546","19,546"
26/5/2024,2024,5,ITA,Italy,First Arrival,0,46,46,0,"19,592","19,592"
27/5/2024,2024,5,ITA,Italy,First Arrival,0,259,259,0,"19,851","19,851"
28/5/2024,2024,5,ITA,Italy,First Arrival,0,333,333,0,"20,184","20,184"
29/5/2024,2024,5,ITA,Italy,First Arrival,0,263,263,0,"20,447","20,447"
30/5/2024,2024,5,ITA,Italy,First Arrival,0,369,369,0,"20,816","20,816"
31/5/2024,2024,5,ITA,Italy,First Arrival,0,297,297,0,"21,113","21,113"
1/6/2024,2024,6,ITA,Italy,First Arrival,0,67,67,0,"21,180","21,180"
2/6/2024,2024,6,ITA,Italy,First Arrival,0,276,276,0,"21,456","21,456"
3/6/2024,2024,6,ITA,Italy,First Arrival,0,118,118,0,"21,574","21,574"
5/6/2024,2024,6,ITA,Italy,First Arrival,0,195,195,0,"21,769","21,769"
6/6/2024,2024,6,ITA,Italy,First Arrival,0,15,15,0,"21,784","21,784"
7/6/2024,2024,6,ITA,Italy,First Arrival,0,228,228,0,"22,012","22,012"
8/6/2024,2024,6,ITA,Italy,First Arrival,0,570,570,0,"22,582","22,582"
9/6/2024,2024,6,ITA,Italy,First Arrival,0,362,362,0,"22,944","22,944"
11/6/2024,2024,6,ITA,Italy,First Arrival,0,170,170,0,"23,114","23,114"
12/6/2024,2024,6,ITA,Italy,First Arrival,0,98,98,0,"23,212","23,212"
13/6/2024,2024,6,ITA,Italy,First Arrival,0,23,23,0,"23,235","23,235"
14/6/2024,2024,6,ITA,Italy,First Arrival,0,32,32,0,"23,267","23,267"
15/6/2024,2024,6,ITA,Italy,First Arrival,0,150,150,0,"23,417","23,417"
16/6/2024,2024,6,ITA,Italy,First Arrival,0,135,135,0,"23,552","23,552"
17/6/2024,2024,6,ITA,Italy,First Arrival,0,503,503,0,"24,055","24,055"
19/6/2024,2024,6,ITA,Italy,First Arrival,0,195,195,0,"24,250","24,250"
20/6/2024,2024,6,ITA,Italy,First Arrival,0,216,216,0,"24,466","24,466"
21/6/2024,2024,6,ITA,Italy,First Arrival,0,260,260,0,"24,726","24,726"
22/6/2024,2024,6,ITA,Italy,First Arrival,0,167,167,0,"24,893","24,893"
25/6/2024,2024,6,ITA,Italy,First Arrival,0,106,106,0,"24,999","24,999"
26/6/2024,2024,6,ITA,Italy,First Arrival,0,113,113,0,"25,112","25,112"
27/6/2024,2024,6,ITA,Italy,First Arrival,0,233,233,0,"25,345","25,345"
28/6/2024,2024,6,ITA,Italy,First Arrival,0,30,30,0,"25,375","25,375"
29/6/2024,2024,6,ITA,Italy,First Arrival,0,144,144,0,"25,519","25,519"
30/6/2024,2024,6,ITA,Italy,First Arrival,0,496,496,0,"26,015","26,015"
31/1/2024,2024,1,MKD,North Macedonia,Other,688,0,688,688,0,688
29/2/2024,2024,2,MKD,North Macedonia,Other,835,0,835,"1,523",0,"1,523"
31/3/2024,2024,3,MKD,North Macedonia,Other,332,0,332,"1,855",0,"1,855"
30/4/2024,2024,4,MKD,North Macedonia,Other,238,0,238,"2,093",0,"2,093"
31/5/2024,2024,5,MKD,North Macedonia,Other,270,0,270,"2,363",0,"2,363"
30/6/2024,2024,6,MKD,North Macedonia,Other,245,0,245,"2,608",0,"2,608"
2/1/2024,2024,1,MLT,Malta,First Arrival,0,35,35,0,35,35
18/2/2024,2024,2,MLT,Malta,First Arrival,0,2,2,0,37,37
23/2/2024,2024,2,MLT,Malta,First Arrival,0,30,30,0,67,67
31/3/2024,2024,3,MLT,Malta,First Arrival,0,1,1,0,68,68
1/1/2024,2024,1,MNE,Montenegro,Other,8,0,8,8,0,8
2/1/2024,2024,1,MNE,Montenegro,Other,1,0,1,9,0,9
5/1/2024,2024,1,MNE,Montenegro,Other,2,0,2,11,0,11
6/1/2024,2024,1,MNE,Montenegro,Other,3,0,3,14,0,14
9/1/2024,2024,1,MNE,Montenegro,Other,3,0,3,17,0,17
10/1/2024,2024,1,MNE,Montenegro,Other,1,0,1,18,0,18
11/1/2024,2024,1,MNE,Montenegro,Other,1,0,1,19,0,19
14/1/2024,2024,1,MNE,Montenegro,Other,1,0,1,20,0,20
15/1/2024,2024,1,MNE,Montenegro,Other,4,0,4,24,0,24
17/1/2024,2024,1,MNE,Montenegro,Other,4,0,4,28,0,28
20/1/2024,2024,1,MNE,Montenegro,Other,8,0,8,36,0,36
21/1/2024,2024,1,MNE,Montenegro,Other,15,0,15,51,0,51
23/1/2024,2024,1,MNE,Montenegro,Other,2,0,2,53,0,53
26/1/2024,2024,1,MNE,Montenegro,Other,5,0,5,58,0,58
27/1/2024,2024,1,MNE,Montenegro,Other,4,0,4,62,0,62
29/1/2024,2024,1,MNE,Montenegro,Other,14,0,14,76,0,76
1/2/2024,2024,2,MNE,Montenegro,Other,6,0,6,82,0,82
3/2/2024,2024,2,MNE,Montenegro,Other,1,0,1,83,0,83
4/2/2024,2024,2,MNE,Montenegro,Other,6,0,6,89,0,89
6/2/2024,2024,2,MNE,Montenegro,Other,3,0,3,92,0,92
7/2/2024,2024,2,MNE,Montenegro,Other,2,0,2,94,0,94
9/2/2024,2024,2,MNE,Montenegro,Other,7,0,7,101,0,101
10/2/2024,2024,2,MNE,Montenegro,Other,7,0,7,108,0,108
12/2/2024,2024,2,MNE,Montenegro,Other,9,0,9,117,0,117
13/2/2024,2024,2,MNE,Montenegro,Other,7,0,7,124,0,124
14/2/2024,2024,2,MNE,Montenegro,Other,1,0,1,125,0,125
16/2/2024,2024,2,MNE,Montenegro,Other,2,0,2,127,0,127
18/2/2024,2024,2,MNE,Montenegro,Other,16,0,16,143,0,143
19/2/2024,2024,2,MNE,Montenegro,Other,3,0,3,146,0,146
20/2/2024,2024,2,MNE,Montenegro,Other,3,0,3,149,0,149
21/2/2024,2024,2,MNE,Montenegro,Other,13,0,13,162,0,162
22/2/2024,2024,2,MNE,Montenegro,Other,4,0,4,166,0,166
23/2/2024,2024,2,MNE,Montenegro,Other,2,0,2,168,0,168
25/2/2024,2024,2,MNE,Montenegro,Other,10,0,10,178,0,178
26/2/2024,2024,2,MNE,Montenegro,Other,1,0,1,179,0,179
28/2/2024,2024,2,MNE,Montenegro,Other,5,0,5,184,0,184
29/2/2024,2024,2,MNE,Montenegro,Other,2,0,2,186,0,186
1/3/2024,2024,3,MNE,Montenegro,Other,3,0,3,189,0,189
2/3/2024,2024,3,MNE,Montenegro,Other,15,0,15,204,0,204
4/3/2024,2024,3,MNE,Montenegro,Other,8,0,8,212,0,212
5/3/2024,2024,3,MNE,Montenegro,Other,7,0,7,219,0,219
6/3/2024,2024,3,MNE,Montenegro,Other,18,0,18,237,0,237
7/3/2024,2024,3,MNE,Montenegro,Other,14,0,14,251,0,251
9/3/2024,2024,3,MNE,Montenegro,Other,30,0,30,281,0,281
10/3/2024,2024,3,MNE,Montenegro,Other,11,0,11,292,0,292
11/3/2024,2024,3,MNE,Montenegro,Other,30,0,30,322,0,322
12/3/2024,2024,3,MNE,Montenegro,Other,3,0,3,325,0,325
13/3/2024,2024,3,MNE,Montenegro,Other,15,0,15,340,0,340
14/3/2024,2024,3,MNE,Montenegro,Other,15,0,15,355,0,355
15/3/2024,2024,3,MNE,Montenegro,Other,23,0,23,378,0,378
16/3/2024,2024,3,MNE,Montenegro,Other,24,0,24,402,0,402
18/3/2024,2024,3,MNE,Montenegro,Other,29,0,29,431,0,431
19/3/2024,2024,3,MNE,Montenegro,Other,28,0,28,459,0,459
20/3/2024,2024,3,MNE,Montenegro,Other,26,0,26,485,0,485
21/3/2024,2024,3,MNE,Montenegro,Other,9,0,9,494,0,494
22/3/2024,2024,3,MNE,Montenegro,Other,3,0,3,497,0,497
23/3/2024,2024,3,MNE,Montenegro,Other,2,0,2,499,0,499
24/3/2024,2024,3,MNE,Montenegro,Other,12,0,12,511,0,511
25/3/2024,2024,3,MNE,Montenegro,Other,16,0,16,527,0,527
26/3/2024,2024,3,MNE,Montenegro,Other,23,0,23,550,0,550
27/3/2024,2024,3,MNE,Montenegro,Other,6,0,6,556,0,556
28/3/2024,2024,3,MNE,Montenegro,Other,12,0,12,568,0,568
29/3/2024,2024,3,MNE,Montenegro,Other,7,0,7,575,0,575
30/3/2024,2024,3,MNE,Montenegro,Other,1,0,1,576,0,576
31/3/2024,2024,3,MNE,Montenegro,Other,17,0,17,593,0,593
1/4/2024,2024,4,MNE,Montenegro,Other,5,0,5,598,0,598
2/4/2024,2024,4,MNE,Montenegro,Other,8,0,8,606,0,606
3/4/2024,2024,4,MNE,Montenegro,Other,14,0,14,620,0,620
4/4/2024,2024,4,MNE,Montenegro,Other,16,0,16,636,0,636
5/4/2024,2024,4,MNE,Montenegro,Other,5,0,5,641,0,641
6/4/2024,2024,4,MNE,Montenegro,Other,22,0,22,663,0,663
7/4/2024,2024,4,MNE,Montenegro,Other,14,0,14,677,0,677
8/4/2024,2024,4,MNE,Montenegro,Other,9,0,9,686,0,686
9/4/2024,2024,4,MNE,Montenegro,Other,15,0,15,701,0,701
10/4/2024,2024,4,MNE,Montenegro,Other,18,0,18,719,0,719
11/4/2024,2024,4,MNE,Montenegro,Other,4,0,4,723,0,723
12/4/2024,2024,4,MNE,Montenegro,Other,19,0,19,742,0,742
13/4/2024,2024,4,MNE,Montenegro,Other,19,0,19,761,0,761
14/4/2024,2024,4,MNE,Montenegro,Other,11,0,11,772,0,772
15/4/2024,2024,4,MNE,Montenegro,Other,7,0,7,779,0,779
16/4/2024,2024,4,MNE,Montenegro,Other,9,0,9,788,0,788
17/4/2024,2024,4,MNE,Montenegro,Other,10,0,10,798,0,798
18/4/2024,2024,4,MNE,Montenegro,Other,21,0,21,819,0,819
19/4/2024,2024,4,MNE,Montenegro,Other,11,0,11,830,0,830
20/4/2024,2024,4,MNE,Montenegro,Other,10,0,10,840,0,840
21/4/2024,2024,4,MNE,Montenegro,Other,41,0,41,881,0,881
22/4/2024,2024,4,MNE,Montenegro,Other,16,0,16,897,0,897
23/4/2024,2024,4,MNE,Montenegro,Other,20,0,20,917,0,917
24/4/2024,2024,4,MNE,Montenegro,Other,3,0,3,920,0,920
25/4/2024,2024,4,MNE,Montenegro,Other,3,0,3,923,0,923
26/4/2024,2024,4,MNE,Montenegro,Other,2,0,2,925,0,925
27/4/2024,2024,4,MNE,Montenegro,Other,27,0,27,952,0,952
28/4/2024,2024,4,MNE,Montenegro,Other,19,0,19,971,0,971
29/4/2024,2024,4,MNE,Montenegro,Other,13,0,13,984,0,984
30/4/2024,2024,4,MNE,Montenegro,Other,25,0,25,"1,009",0,"1,009"
1/5/2024,2024,5,MNE,Montenegro,Other,15,0,15,"1,024",0,"1,024"
2/5/2024,2024,5,MNE,Montenegro,Other,10,0,10,"1,034",0,"1,034"
3/5/2024,2024,5,MNE,Montenegro,Other,14,0,14,"1,048",0,"1,048"
5/5/2024,2024,5,MNE,Montenegro,Other,15,0,15,"1,063",0,"1,063"
7/5/2024,2024,5,MNE,Montenegro,Other,16,0,16,"1,079",0,"1,079"
8/5/2024,2024,5,MNE,Montenegro,Other,8,0,8,"1,087",0,"1,087"
9/5/2024,2024,5,MNE,Montenegro,Other,2,0,2,"1,089",0,"1,089"
10/5/2024,2024,5,MNE,Montenegro,Other,16,0,16,"1,105",0,"1,105"
11/5/2024,2024,5,MNE,Montenegro,Other,14,0,14,"1,119",0,"1,119"
13/5/2024,2024,5,MNE,Montenegro,Other,6,0,6,"1,125",0,"1,125"
14/5/2024,2024,5,MNE,Montenegro,Other,16,0,16,"1,141",0,"1,141"
15/5/2024,2024,5,MNE,Montenegro,Other,20,0,20,"1,161",0,"1,161"
16/5/2024,2024,5,MNE,Montenegro,Other,16,0,16,"1,177",0,"1,177"
17/5/2024,2024,5,MNE,Montenegro,Other,8,0,8,"1,185",0,"1,185"
18/5/2024,2024,5,MNE,Montenegro,Other,13,0,13,"1,198",0,"1,198"
19/5/2024,2024,5,MNE,Montenegro,Other,10,0,10,"1,208",0,"1,208"
20/5/2024,2024,5,MNE,Montenegro,Other,4,0,4,"1,212",0,"1,212"
21/5/2024,2024,5,MNE,Montenegro,Other,10,0,10,"1,222",0,"1,222"
22/5/2024,2024,5,MNE,Montenegro,Other,18,0,18,"1,240",0,"1,240"
24/5/2024,2024,5,MNE,Montenegro,Other,5,0,5,"1,245",0,"1,245"
26/5/2024,2024,5,MNE,Montenegro,Other,36,0,36,"1,281",0,"1,281"
27/5/2024,2024,5,MNE,Montenegro,Other,3,0,3,"1,284",0,"1,284"
29/5/2024,2024,5,MNE,Montenegro,Other,16,0,16,"1,300",0,"1,300"
30/5/2024,2024,5,MNE,Montenegro,Other,20,0,20,"1,320",0,"1,320"
31/5/2024,2024,5,MNE,Montenegro,Other,15,0,15,"1,335",0,"1,335"
2/6/2024,2024,6,MNE,Montenegro,Other,2,0,2,"1,337",0,"1,337"
3/6/2024,2024,6,MNE,Montenegro,Other,12,0,12,"1,349",0,"1,349"
4/6/2024,2024,6,MNE,Montenegro,Other,7,0,7,"1,356",0,"1,356"
5/6/2024,2024,6,MNE,Montenegro,Other,25,0,25,"1,381",0,"1,381"
6/6/2024,2024,6,MNE,Montenegro,Other,5,0,5,"1,386",0,"1,386"
8/6/2024,2024,6,MNE,Montenegro,Other,10,0,10,"1,396",0,"1,396"
9/6/2024,2024,6,MNE,Montenegro,Other,7,0,7,"1,403",0,"1,403"
10/6/2024,2024,6,MNE,Montenegro,Other,12,0,12,"1,415",0,"1,415"
11/6/2024,2024,6,MNE,Montenegro,Other,6,0,6,"1,421",0,"1,421"
12/6/2024,2024,6,MNE,Montenegro,Other,11,0,11,"1,432",0,"1,432"
13/6/2024,2024,6,MNE,Montenegro,Other,21,0,21,"1,453",0,"1,453"
14/6/2024,2024,6,MNE,Montenegro,Other,1,0,1,"1,454",0,"1,454"
15/6/2024,2024,6,MNE,Montenegro,Other,32,0,32,"1,486",0,"1,486"
16/6/2024,2024,6,MNE,Montenegro,Other,19,0,19,"1,505",0,"1,505"
17/6/2024,2024,6,MNE,Montenegro,Other,3,0,3,"1,508",0,"1,508"
18/6/2024,2024,6,MNE,Montenegro,Other,21,0,21,"1,529",0,"1,529"
20/6/2024,2024,6,MNE,Montenegro,Other,25,0,25,"1,554",0,"1,554"
23/6/2024,2024,6,MNE,Montenegro,Other,5,0,5,"1,559",0,"1,559"
24/6/2024,2024,6,MNE,Montenegro,Other,21,0,21,"1,580",0,"1,580"
25/6/2024,2024,6,MNE,Montenegro,Other,15,0,15,"1,595",0,"1,595"
26/6/2024,2024,6,MNE,Montenegro,Other,1,0,1,"1,596",0,"1,596"
27/6/2024,2024,6,MNE,Montenegro,Other,12,0,12,"1,608",0,"1,608"
28/6/2024,2024,6,MNE,Montenegro,Other,8,0,8,"1,616",0,"1,616"
29/6/2024,2024,6,MNE,Montenegro,Other,10,0,10,"1,626",0,"1,626"
30/6/2024,2024,6,MNE,Montenegro,Other,10,0,10,"1,636",0,"1,636"
20/1/2024,2024,1,ROU,Romania,Other,19,0,19,19,0,19
3/2/2024,2024,2,ROU,Romania,Other,3,0,3,22,0,22
4/2/2024,2024,2,ROU,Romania,Other,1,0,1,23,0,23
11/2/2024,2024,2,ROU,Romania,Other,18,0,18,41,0,41
13/2/2024,2024,2,ROU,Romania,Other,8,0,8,49,0,49
16/2/2024,2024,2,ROU,Romania,Other,43,0,43,92,0,92
22/2/2024,2024,2,ROU,Romania,Other,16,0,16,108,0,108
24/2/2024,2024,2,ROU,Romania,Other,13,0,13,121,0,121
29/2/2024,2024,2,ROU,Romania,Other,1,0,1,122,0,122
6/3/2024,2024,3,ROU,Romania,Other,29,0,29,151,0,151
16/3/2024,2024,3,ROU,Romania,Other,18,0,18,169,0,169
12/4/2024,2024,4,ROU,Romania,Other,9,0,9,178,0,178
14/5/2024,2024,5,ROU,Romania,Other,62,0,62,240,0,240
16/5/2024,2024,5,ROU,Romania,Other,5,0,5,245,0,245
17/5/2024,2024,5,ROU,Romania,Other,5,0,5,250,0,250
30/5/2024,2024,5,ROU,Romania,Other,23,0,23,273,0,273
20/6/2024,2024,6,ROU,Romania,Other,19,0,19,292,0,292
22/6/2024,2024,6,ROU,Romania,Other,11,0,11,303,0,303
23/6/2024,2024,6,ROU,Romania,Other,21,0,21,324,0,324
7/1/2024,2024,1,SRB,Serbia,Other,624,0,624,624,0,624
14/1/2024,2024,1,SRB,Serbia,Other,502,0,502,"1,126",0,"1,126"
21/1/2024,2024,1,SRB,Serbia,Other,772,0,772,"1,898",0,"1,898"
28/1/2024,2024,1,SRB,Serbia,Other,106,0,106,"2,004",0,"2,004"
31/1/2024,2024,1,SRB,Serbia,Other,778,0,778,"2,782",0,"2,782"
4/2/2024,2024,2,SRB,Serbia,Other,285,0,285,"3,067",0,"3,067"
11/2/2024,2024,2,SRB,Serbia,Other,328,0,328,"3,395",0,"3,395"
18/2/2024,2024,2,SRB,Serbia,Other,270,0,270,"3,665",0,"3,665"
25/2/2024,2024,2,SRB,Serbia,Other,214,0,214,"3,879",0,"3,879"
29/2/2024,2024,2,SRB,Serbia,Other,590,0,590,"4,469",0,"4,469"
3/3/2024,2024,3,SRB,Serbia,Other,303,0,303,"4,772",0,"4,772"
10/3/2024,2024,3,SRB,Serbia,Other,330,0,330,"5,102",0,"5,102"
17/3/2024,2024,3,SRB,Serbia,Other,271,0,271,"5,373",0,"5,373"
24/3/2024,2024,3,SRB,Serbia,Other,278,0,278,"5,651",0,"5,651"
31/3/2024,2024,3,SRB,Serbia,Other,108,0,108,"5,759",0,"5,759"
7/4/2024,2024,4,SRB,Serbia,Other,209,0,209,"5,968",0,"5,968"
14/4/2024,2024,4,SRB,Serbia,Other,132,0,132,"6,100",0,"6,100"
21/4/2024,2024,4,SRB,Serbia,Other,131,0,131,"6,231",0,"6,231"
28/4/2024,2024,4,SRB,Serbia,Other,268,0,268,"6,499",0,"6,499"
30/4/2024,2024,4,SRB,Serbia,Other,90,0,90,"6,589",0,"6,589"
5/5/2024,2024,5,SRB,Serbia,Other,256,0,256,"6,845",0,"6,845"
12/5/2024,2024,5,SRB,Serbia,Other,203,0,203,"7,048",0,"7,048"
19/5/2024,2024,5,SRB,Serbia,Other,237,0,237,"7,285",0,"7,285"
26/5/2024,2024,5,SRB,Serbia,Other,271,0,271,"7,556",0,"7,556"
31/5/2024,2024,5,SRB,Serbia,Other,106,0,106,"7,662",0,"7,662"
2/6/2024,2024,6,SRB,Serbia,Other,255,0,255,"7,917",0,"7,917"
9/6/2024,2024,6,SRB,Serbia,Other,266,0,266,"8,183",0,"8,183"
16/6/2024,2024,6,SRB,Serbia,Other,304,0,304,"8,487",0,"8,487"
23/6/2024,2024,6,SRB,Serbia,Other,110,0,110,"8,597",0,"8,597"
30/6/2024,2024,6,SRB,Serbia,Other,233,0,233,"8,830",0,"8,830"
31/1/2024,2024,1,SVN,Slovenia,Other,"3,430",0,"3,430","3,430",0,"3,430"
29/2/2024,2024,2,SVN,Slovenia,Other,"2,968",0,"2,968","6,398",0,"6,398"
31/3/2024,2024,3,SVN,Slovenia,Other,"3,412",0,"3,412","9,810",0,"9,810"
30/4/2024,2024,4,SVN,Slovenia,Other,"3,742",0,"3,742","13,552",0,"13,552"
31/5/2024,2024,5,SVN,Slovenia,Other,"3,866",0,"3,866","17,418",0,"17,418"
30/6/2024,2024,6,SVN,Slovenia,Other,"3,802",0,"3,802","21,220",0,"21,220"
31/1/2024,2024,1,XKX,Kosovo*,Other,28,0,28,28,0,28
29/2/2024,2024,2,XKX,Kosovo*,Other,62,0,62,90,0,90
31/3/2024,2024,3,XKX,Kosovo*,Other,148,0,148,238,0,238
30/4/2024,2024,4,XKX,Kosovo*,Other,58,0,58,296,0,296
31/5/2024,2024,5,XKX,Kosovo*,Other,57,0,57,353,0,353
30/6/2024,2024,6,XKX,Kosovo*,Other,55,0,55,408,0,408